Инструмент;RR;DET;LAM;TT;DIV;diag_entr;vert_entr;white_vert_entr;MINLINE;Доходность;Category
XOM;0,0148;0,368;0,3009;2,4386;0,2;0,7330999970436096;0,8255000114440918;4,7133002281188965;2;1,0;Best
CVX;0,0096;0,2955;0,1578;2,2093;0,25;0,1678999960422516;0,5130000114440918;4,971799850463867;2;0,9280126715033762;Best
BP;0,1466;0,8766;0,914;4,1724;0,0312;1,7381000518798828;1,9485000371932983;3,5590999126434326;2;0,8586885350473821;Best
PALL;0,0064;0,1892;0,0905;2,1176;0,5;0,0;0,362199991941452;5,316400051116943;2;0,7442500755149557;Best
SLV;0,1799;0,9563;0,9726;7,2137;0,0054;2,2808001041412354;2,662400007247925;3,640000104904175;2;0,733382019373104;Best
FCX;0,0379;0,6308;0,5946;2,6466;0,1429;0,9857000112533569;1,083799958229065;4,107999801635742;2;0,7285453099115021;Best
GLD;0,022;0,4752;0,4543;2,4743;0,1;0,832099974155426;0,9108999967575073;4,471700191497803;2;0,7033125268523678;Best
DIA;0,0088;0,2781;0,0779;2,5294;0,25;0,5367000102996826;0,8687000274658203;5,032199859619141;2;0,6662510998917462;Best
GAZP.ME;0,0164;0,4;0,1753;2,4286;0,5;0,0;0,6829000115394592;4,216400146484375;2;0,6359592838367977;Worst
SPY;0,0055;0,2083;0,0318;2,2;0,5;0,0;0,5004000067710876;5,363900184631348;2;0,6112236799891935;Mean
IVV;0,0056;0,2041;0,0316;2,2;0,5;0,0;0,5004000067710876;5,36299991607666;2;0,6112053875465051;Mean
VOO;0,006;0,1935;0,0348;2,1667;0,5;0,0;0,4505999982357025;5,311800003051758;2;0,6109905686041647;Mean
HMC;0,1492;0,9325;0,9494;6,7403;0,0161;2,2246999740600586;2,5982000827789307;3,6877999305725098;2;0,60324254653316;Mean
MSFT;0,0061;0,3284;0,125;3,2;0,25;0,8486999869346619;1,0437999963760376;5,30709981918335;2;0,5713583498903392;Mean
AAPL;0,0097;0,3164;0,1689;2,1702;0,2;0,8568999767303467;0,46320000290870667;4,9542999267578125;2;0,5684273377272719;Mean
TM;0,01;0,3316;0,2276;2,1846;0,25;0,3984000086784363;0,5062000155448914;4,975500106811523;2;0,5663030691904609;Mean
QQQ;0,0054;0,2326;0,0417;2,0;0,25;0,5623000264167786;0,0;5,373799800872803;2;0,5291093737980928;Mean
GOOG;0,0107;0,3206;0,274;2,2593;0,3333;0,44179999828338623;0,6037999987602234;4,936299800872803;2;0,49890198440170586;Mean
F;0,1836;0,9635;0,9758;7,9857;0,0085;2,3922998905181885;2,7822999954223633;3,836199998855591;2;0,47160778376268986;Worst
GM;0,0602;0,7204;0,7097;3,0068;0,0909;1,3251999616622925;1,354200005531311;3,846299886703491;2;0,46118296757828703;Worst
PLAT;0,0793;0,8058;0,8356;3,5545;0,0667;1,6181999444961548;1,6907000541687012;3,6236000061035156;2;0,46090717382698543;Worst
AMZN;0,0067;0,2706;0,0929;2,2941;0,3333;0,3046000003814697;0,6057999730110168;5,2617998123168945;2;0,42119240460256624;Worst
META;0,0051;0,1818;0,038;2,0;0,5;0,0;0,0;5,396599769592285;2;0,3117778002915535;Worst
TSLA;0,0045;0,0;0,0286;2,0;1,0;0,0;0,0;5,462699890136719;2;0,24315018376869352;Worst
LUKOY;0,6737;0,9991;0,9986;100,5861;0,0062;4,011000156402588;0,7918000221252441;1,8960000276565552;2;0,0;Worst
